vishnu0@gmail.com,vishnu,vishnu,r,male,14-09-1999,9440833421
vishnu1@gmail.com,vishnu,vishnu,r,male,14-08-1999,9440833422
vishnu2@gmail.com,vishnu,vishnu,r,male,14-07-1999,9440833423
vishnu3@gmail.com,vishnu,vishnu,r,male,14-06-1999,9440833424
vishnu4@gmail.com,vishnu,vishnu,r,male,14-05-1999,9440833425
vishnu4@gmail.com,vishnu,vishnu,r,male,14-04-1999,9440833426
vishnu5@gmail.com,vishnu,vishnu,r,male,14-03-1999,9440833427
vishnu6@gmail.com,vishnu,vishnu,r,male,14-02-1999,9440833428
vishnu7@gmail.com,vishnu,vishnu,r,male,14-01-1999,9440833429
vishnu8@gmail.com,vishnu,vishnu,r,male,13-09-1999,9440833430
vishnu9@gmail.com,vishnu,vishnu,r,male,12-09-1999,94408334231
vishnu10@gmail.com,vishnu,vishnu,r,male,11-09-1999,9440833432
vishnu11@gmail.com,vishnu,vishnu,r,male,10-09-1999,9440833433
vishnu12@gmail.com,vishnu,vishnu,r,male,15-09-1999,9440833434
vishnu13@gmail.com,vishnu,vishnu,r,male,16-09-1999,9440833435
vishnu14@gmail.com,vishnu,vishnu,r,male,17-09-1999,9440833436